City_ID,City,Country,Lat,Lng,Max Temp,Humidity,Cloudiness,Wind Speed,Current Description
0,Awjilah,LY,29.1081,21.2869,56.52,61,0,7.2,clear sky
1,Ushuaia,AR,-54.8,-68.3,47.86,53,40,25.32,scattered clouds
2,Hobart,AU,-42.8794,147.3294,67.26,55,75,4.0,broken clouds
3,Deniliquin,AU,-35.5333,144.9667,67.5,49,99,13.49,overcast clouds
4,Rikitea,PF,-23.1203,-134.9692,76.69,73,87,6.26,overcast clouds
5,Tuktoyaktuk,CA,69.4541,-133.0374,-18.4,76,1,8.05,clear sky
6,Huanren,CN,41.2647,125.3667,33.76,94,100,2.71,overcast clouds
7,Jumla,NP,29.2747,82.1838,39.94,90,77,4.16,broken clouds
8,Emerald,AU,-23.5333,148.1667,80.74,69,40,9.22,scattered clouds
9,Cidreira,BR,-30.1811,-50.2056,69.69,87,49,13.98,scattered clouds
10,Atuona,PF,-9.8,-139.0333,78.6,76,6,18.16,clear sky
11,Ketchikan,US,55.3422,-131.6461,30.67,80,90,0.0,overcast clouds
12,Jamestown,US,42.097,-79.2353,44.71,37,90,8.01,overcast clouds
13,Mataura,NZ,-46.1927,168.8643,55.47,46,92,6.33,overcast clouds
14,Upernavik,GL,72.7868,-56.1549,25.9,75,100,5.88,overcast clouds
15,East London,ZA,-33.0153,27.9116,68.54,92,100,2.75,overcast clouds
16,Victoria,HK,22.2855,114.1577,65.25,57,47,1.01,scattered clouds
17,Clyde River,CA,70.4692,-68.5914,10.63,85,100,27.63,light snow
18,Busselton,AU,-33.65,115.3333,61.09,63,72,17.67,broken clouds
19,Saldanha,ZA,-33.0117,17.9442,60.85,90,53,16.91,broken clouds
20,Kapaa,US,22.0752,-159.319,79.12,68,40,5.01,light rain
21,Aklavik,CA,68.2191,-135.0107,-6.77,88,10,8.88,clear sky
22,Hilo,US,19.7297,-155.09,74.93,91,90,11.5,heavy intensity rain
23,Hermanus,ZA,-34.4187,19.2345,60.91,95,100,11.01,light rain
24,Wanning,CN,18.8003,110.3967,63.12,69,68,10.02,broken clouds
25,Buchanan,LR,5.8808,-10.0467,75.16,82,54,4.88,broken clouds
26,Souillac,MU,-20.5167,57.5167,78.37,78,40,8.05,light rain
27,Iqaluit,CA,63.7506,-68.5145,10.13,66,90,15.99,light snow
28,Eirunepe,BR,-6.6603,-69.8736,71.42,99,93,2.15,overcast clouds
29,Dutlwe,BW,-23.9833,23.9,68.05,79,96,7.52,overcast clouds
30,Namatanai,PG,-3.6667,152.4333,84.94,69,89,1.1,overcast clouds
31,Thompson,CA,55.7435,-97.8558,-18.24,69,1,9.22,clear sky
32,Tselinnoye,RU,53.0833,85.6667,14.85,95,100,3.87,overcast clouds
33,Bluff,NZ,-46.6,168.3333,55.8,52,57,17.31,broken clouds
34,New Norfolk,AU,-42.7826,147.0587,66.92,39,49,7.36,scattered clouds
35,Sorland,NO,67.667,12.6934,26.55,64,65,10.54,broken clouds
36,Banska Stiavnica,SK,48.4486,18.91,33.28,99,100,7.0,light snow
37,Neuquen,AR,-38.9516,-68.0591,84.09,30,0,8.05,clear sky
38,Kaeo,NZ,-35.1,173.7833,78.33,79,36,8.77,scattered clouds
39,Perez,AR,-32.9983,-60.7679,78.91,58,0,6.91,clear sky
40,Eskilstuna,SE,59.3666,16.5077,14.2,84,27,5.86,scattered clouds
41,Cartagena,CO,10.3997,-75.5144,82.02,83,75,5.75,broken clouds
42,Loandjili,CG,-4.7561,11.8578,78.6,89,100,3.56,moderate rain
43,Santa Rosa,PH,14.3122,121.1114,78.1,68,74,8.23,broken clouds
44,Buala,SB,-8.145,159.5921,79.81,87,100,14.23,moderate rain
45,Auki,SB,-8.7676,160.7034,79.27,89,95,11.41,light rain
46,Kyra,RU,49.5776,111.9753,8.24,92,30,3.65,scattered clouds
47,Nuevo Ideal,MX,24.8875,-105.0728,60.42,30,100,7.81,overcast clouds
48,Concordia,AR,-31.393,-58.0209,80.78,54,53,3.0,broken clouds
49,Mahebourg,MU,-20.4081,57.7,78.26,78,40,8.05,light rain
50,La Orilla,MX,17.9833,-102.2333,78.82,81,77,4.52,broken clouds
51,Albany,US,42.6001,-73.9662,37.58,61,98,4.47,overcast clouds
52,Cabo San Lucas,MX,22.8909,-109.9124,80.51,59,98,6.13,overcast clouds
53,Chicama,PE,-7.8447,-79.1469,63.14,77,100,6.42,overcast clouds
54,Prokopyevsk,RU,53.9059,86.719,14.77,85,97,4.45,overcast clouds
55,Haines Junction,CA,60.7522,-137.5108,-0.42,100,100,2.06,overcast clouds
56,Chuy,UY,-33.6971,-53.4616,64.2,87,96,6.08,overcast clouds
57,Port Alfred,ZA,-33.5906,26.891,68.61,94,100,4.9,overcast clouds
58,Grand-Santi,GF,4.25,-54.3833,73.6,99,91,2.21,overcast clouds
59,Punta Arenas,CL,-53.15,-70.9167,53.71,43,20,18.41,few clouds
60,Qandala,SO,11.472,49.8728,73.65,66,22,3.78,few clouds
61,Tasiilaq,GL,65.6145,-37.6368,30.16,88,99,23.15,light snow
62,Kaitangata,NZ,-46.2817,169.8464,53.92,55,89,7.9,overcast clouds
63,Saint-Philippe,RE,-21.3585,55.7679,76.55,79,37,10.83,scattered clouds
64,Sault Sainte Marie,CA,46.5168,-84.3333,27.16,86,90,14.97,snow
65,Nanortalik,GL,60.1432,-45.2371,26.92,64,97,28.57,light snow
66,Kodiak,US,57.79,-152.4072,31.51,80,90,0.0,light snow
67,Grandview,US,38.8858,-94.533,60.78,60,1,5.01,clear sky
68,Clinton,US,42.587,-82.9199,39.52,91,90,1.01,moderate rain
69,Muravlenko,RU,63.7898,74.523,-18.85,93,98,6.44,overcast clouds
70,Mar Del Plata,AR,-38.0023,-57.5575,63.88,79,0,15.01,clear sky
71,Sterling,US,39.0062,-77.4286,48.97,51,90,5.99,overcast clouds
72,Mayo,US,38.8876,-76.5119,51.26,68,1,0.0,clear sky
73,Jinchang,CN,38.4953,102.1739,26.98,45,18,6.58,few clouds
74,Georgetown,MY,5.4112,100.3354,77.9,81,20,5.01,light rain
75,Floro,NO,61.5996,5.0328,34.97,75,90,20.71,light snow
76,Mandera,KE,3.9366,41.867,81.07,41,53,6.11,broken clouds
77,Butaritari,KI,3.0707,172.7902,80.8,83,99,12.97,moderate rain
78,Hithadhoo,MV,-0.6,73.0833,81.28,79,90,12.15,overcast clouds
79,Taunggyi,MM,20.7833,97.0333,52.83,89,11,3.36,few clouds
80,Tura,IN,25.5198,90.2201,65.98,82,100,3.13,overcast clouds
81,Poso,ID,-1.3959,120.7524,82.33,71,97,1.23,overcast clouds
82,Castro,BR,-24.7911,-50.0119,63.75,86,98,0.72,overcast clouds
83,Port Hedland,AU,-20.3167,118.5667,98.65,16,88,14.97,overcast clouds
84,Maniitsoq,GL,65.4167,-52.9,27.14,62,100,36.53,overcast clouds
85,Itarema,BR,-2.9248,-39.9167,81.14,81,25,16.82,scattered clouds
86,Port Augusta,AU,-32.5,137.7667,77.7,52,94,8.43,overcast clouds
87,Faanui,PF,-16.4833,-151.75,81.39,66,55,16.67,broken clouds
88,Teya,RU,60.3778,92.6267,12.33,96,100,2.57,light snow
89,Colares,PT,38.7992,-9.4469,57.43,67,26,1.01,scattered clouds
90,Taoudenni,ML,22.6783,-3.9836,60.53,23,100,9.17,overcast clouds
91,Flinders,AU,-34.5833,150.8552,71.06,66,97,6.26,overcast clouds
92,Isangel,VU,-19.55,169.2667,84.31,74,75,5.75,broken clouds
93,Geraldton,AU,-28.7667,114.6,76.12,41,0,19.57,clear sky
94,Princeton,US,25.5384,-80.4089,77.0,86,1,3.44,clear sky
95,Linfen,CN,36.0889,111.5189,39.7,36,6,1.16,clear sky
96,Arraial Do Cabo,BR,-22.9661,-42.0278,75.16,88,20,16.11,few clouds
97,Khatanga,RU,71.9667,102.5,-18.04,99,97,7.02,overcast clouds
98,Iskateley,RU,67.6803,53.1512,19.08,86,100,18.25,overcast clouds
99,Codrington,AU,-38.2667,141.9667,74.62,36,91,11.07,overcast clouds
100,Rosetta,EG,31.4044,30.4164,64.22,66,70,7.67,broken clouds
101,Guerrero Negro,MX,27.9769,-114.0611,65.71,75,0,15.66,clear sky
102,Port Blair,IN,11.6667,92.75,78.64,70,44,10.76,scattered clouds
103,Bouca,CF,6.5105,18.2733,75.38,48,99,1.86,overcast clouds
104,Bettiah,IN,26.8,84.5,66.63,69,0,2.17,clear sky
105,Nouadhibou,MR,20.931,-17.0347,67.98,49,57,9.22,dust
106,Murdochville,CA,48.9583,-65.5006,14.88,78,99,8.72,overcast clouds
107,Cherskiy,RU,68.75,161.3,-37.68,97,90,3.13,overcast clouds
108,Bredasdorp,ZA,-34.5322,20.0403,59.29,96,100,9.06,moderate rain
109,Havoysund,NO,70.9963,24.6622,29.28,97,99,31.27,light snow
110,Cape Town,ZA,-33.9258,18.4232,61.21,90,75,1.99,moderate rain
111,Qaanaaq,GL,77.484,-69.3632,20.95,84,100,5.32,overcast clouds
112,Glens Falls,US,43.3095,-73.644,37.31,82,75,1.01,broken clouds
113,Isabela,PH,6.7085,121.9711,77.05,74,59,1.39,broken clouds
114,Weyburn,CA,49.6668,-103.8511,1.62,78,99,23.02,overcast clouds
115,Ribeira Grande,PT,38.5167,-28.7,64.18,71,87,9.15,overcast clouds
116,Talnakh,RU,69.4865,88.3972,-18.8,99,100,13.53,snow
117,Ratnagiri,IN,16.9833,73.3,71.22,83,0,4.72,clear sky
118,Ponta Do Sol,PT,32.6667,-17.1,65.03,69,20,9.71,few clouds
119,Esfarayen,IR,37.0765,57.5101,35.26,51,78,4.54,broken clouds
120,Hasaki,JP,35.7333,140.8333,48.6,61,100,11.32,overcast clouds
121,Misratah,LY,32.3754,15.0925,56.93,36,0,14.9,clear sky
122,Saskylakh,RU,71.9167,114.0833,-34.64,99,99,4.79,overcast clouds
123,Yellowknife,CA,62.456,-114.3525,-19.71,85,20,2.3,few clouds
124,Petropavlovsk-Kamchatskiy,RU,53.0452,158.6483,28.99,55,75,6.71,broken clouds
125,Port Moresby,PG,-9.4431,147.1797,81.82,78,75,11.5,broken clouds
126,Avarua,CK,-21.2078,-159.775,82.45,78,75,8.05,light rain
127,Bambous Virieux,MU,-20.3428,57.7575,78.22,78,40,8.05,scattered clouds
128,Alenquer,BR,-1.9417,-54.7383,79.14,80,96,2.24,overcast clouds
129,Mananjary,MG,-21.2167,48.3333,75.07,90,2,6.71,clear sky
130,Bataipora,BR,-22.2953,-53.2711,78.69,41,20,3.56,few clouds
131,Ngunguru,NZ,-35.6167,174.5,78.17,80,44,13.13,scattered clouds
132,Stavern,NO,59.0,10.0333,21.31,81,100,14.58,overcast clouds
133,Aragarcas,BR,-15.8975,-52.2508,75.09,87,74,2.98,broken clouds
134,Port Lincoln,AU,-34.7333,135.8667,66.47,55,12,1.07,few clouds
135,Lerwick,GB,60.1545,-1.1494,41.0,64,59,8.5,broken clouds
136,Longyearbyen,SJ,78.2186,15.6401,9.57,92,69,4.12,broken clouds
137,Kiunga,PG,-6.1219,141.2906,85.14,66,77,2.1,broken clouds
138,Alyangula,AU,-13.8483,136.4192,85.87,89,98,0.0,overcast clouds
139,Egvekinot,RU,66.3167,-179.1667,-0.38,82,97,26.8,overcast clouds
140,Ust-Kuyga,RU,70.0167,135.6,-21.15,98,100,2.86,overcast clouds
141,Barrow,US,71.2906,-156.7887,12.22,79,90,21.85,haze
142,Vaini,TO,-21.2,-175.2,84.36,84,40,11.5,scattered clouds
143,Dikson,RU,73.5069,80.5464,-3.96,95,100,9.86,overcast clouds
144,Mazatlan,MX,23.2167,-106.4167,78.03,79,92,1.01,overcast clouds
145,Cockburn Town,TC,21.4612,-71.1419,80.29,78,55,21.56,broken clouds
146,Santa Maria,BR,-29.6842,-53.8069,78.1,61,20,10.36,few clouds
147,Pevek,RU,69.7008,170.3133,-9.08,96,100,17.09,overcast clouds
148,Puerto Ayora,EC,-0.7393,-90.3518,68.49,87,42,10.22,scattered clouds
149,Kruisfontein,ZA,-34.0033,24.7314,62.89,94,47,12.15,scattered clouds
150,Veles,MK,41.7156,21.7756,39.65,88,74,5.32,broken clouds
151,Nemuro,JP,43.3236,145.575,34.23,69,3,15.03,clear sky
152,Nikolskoye,RU,59.7035,30.7861,-1.61,97,8,4.45,clear sky
153,Bethel,US,41.3712,-73.414,43.75,56,75,4.61,broken clouds
154,Belmonte,BR,-15.8631,-38.8828,77.5,84,0,4.54,clear sky
155,Elizabeth City,US,36.2946,-76.2511,57.99,83,90,6.91,overcast clouds
156,Towada,JP,40.6127,141.2067,38.88,69,5,4.09,clear sky
157,Tiksi,RU,71.6872,128.8694,-15.97,94,100,6.71,overcast clouds
158,Smolensk,RU,55.0,33.0,22.62,98,100,3.91,overcast clouds
159,Catuday,PH,16.2923,119.8062,74.91,71,92,8.72,overcast clouds
160,Salinopolis,BR,-0.6136,-47.3561,79.81,85,24,11.05,few clouds
161,Grindavik,IS,63.8424,-22.4338,39.67,87,75,12.66,broken clouds
162,Mbini,GQ,1.574,9.6134,80.17,84,100,4.74,overcast clouds
163,Zyryanka,RU,65.75,150.85,-45.11,97,77,5.14,broken clouds
164,Eureka,US,40.8021,-124.1637,53.58,83,72,7.23,broken clouds
165,Banes,CU,20.9625,-75.7186,78.08,82,75,11.52,broken clouds
166,Jinxiang,CN,27.4327,120.6062,55.78,76,11,8.72,few clouds
167,Port Elizabeth,ZA,-33.918,25.5701,65.1,100,90,16.11,overcast clouds
168,Torbay,CA,47.6666,-52.7314,33.58,82,90,14.97,light shower snow
169,Los Llanos De Aridane,ES,28.6585,-17.9182,64.15,67,75,15.99,broken clouds
170,Coquimbo,CL,-29.9533,-71.3436,58.73,82,75,11.5,broken clouds
171,Waingapu,ID,-9.6567,120.2641,80.76,78,100,3.74,moderate rain
172,Aykhal,RU,66.0,111.5,-33.11,100,88,7.31,overcast clouds
173,Cusuna,HN,15.85,-85.2333,75.29,89,43,1.1,scattered clouds
174,Okitipupa,NG,6.5047,4.7839,76.86,92,15,2.42,few clouds
175,Calamar,CO,10.2511,-74.9146,82.35,79,43,7.05,scattered clouds
176,Lebu,CL,-37.6167,-73.65,58.5,80,0,13.47,clear sky
177,Bonavista,CA,48.6499,-53.1147,33.12,63,93,19.82,overcast clouds
178,Portland,US,45.5234,-122.6762,47.1,77,75,1.01,broken clouds
179,Kahului,US,20.8947,-156.47,76.84,89,90,9.22,mist
180,Vao,NC,-22.6667,167.4833,75.99,81,100,15.17,overcast clouds
181,Cayenne,GF,4.9333,-52.3333,78.1,90,75,2.3,broken clouds
182,Sola,VU,-13.8833,167.55,83.07,84,75,0.0,broken clouds
183,Leningradskiy,RU,69.3833,178.4167,-2.61,98,100,17.25,light snow
184,Provideniya,RU,64.3833,-173.3,28.51,86,90,15.66,snow
185,Sundumbili,ZA,-29.1337,31.3975,73.71,72,90,11.27,overcast clouds
186,Minuri,PH,16.535,121.8574,68.77,95,95,2.66,overcast clouds
187,Mayya,RU,61.7333,130.2811,-24.48,100,100,3.0,overcast clouds
188,Manicore,BR,-5.8092,-61.3003,76.17,95,93,2.28,light rain
189,Lompoc,US,34.6391,-120.4579,78.08,75,1,21.0,clear sky
190,Otjimbingwe,NA,-22.35,16.1333,63.82,39,0,1.81,clear sky
191,Jardim,BR,-21.4803,-56.1381,79.45,54,62,5.01,broken clouds
192,Matagami,CA,49.7502,-77.6328,6.91,85,1,10.36,clear sky
193,Nabinagar,BD,23.8917,90.9733,68.07,98,100,8.01,overcast clouds
194,Toyooka,JP,35.5333,134.8333,39.25,100,75,3.44,fog
195,Vardo,NO,70.3705,31.1107,7.0,80,27,20.2,scattered clouds
196,Kloulklubed,PW,7.0419,134.2556,83.73,77,100,13.62,overcast clouds
197,Riyadh,SA,24.6877,46.7219,55.54,36,5,2.35,clear sky
198,Emba,KZ,48.8264,58.1442,27.77,81,100,6.2,overcast clouds
199,Naze,JP,28.3667,129.4833,65.32,70,74,17.02,broken clouds
200,Chimbote,PE,-9.0853,-78.5783,66.36,85,100,9.24,overcast clouds
201,Port Macquarie,AU,-31.4333,152.9167,72.9,66,97,6.64,overcast clouds
202,Hobyo,SO,5.3505,48.5268,78.4,74,9,16.31,clear sky
203,Zalantun,CN,48.0,122.7167,21.36,67,1,16.46,clear sky
204,Cap Malheureux,MU,-19.9842,57.6142,78.48,71,14,5.01,few clouds
205,Poli,TZ,-3.3333,36.8,64.67,87,99,2.95,overcast clouds
206,Ahipara,NZ,-35.1667,173.1667,75.4,63,56,10.36,broken clouds
207,Roma,US,43.2128,-75.4557,41.13,76,100,10.0,overcast clouds
208,Wad Rawah,SD,15.1603,33.1397,77.05,27,0,11.18,clear sky
209,Ermelo,ZA,-26.5333,29.9833,56.52,96,100,6.33,overcast clouds
210,Imbituba,BR,-28.24,-48.6703,72.82,94,100,11.65,overcast clouds
211,Acajutla,SV,13.5928,-89.8275,80.4,65,0,2.15,clear sky
212,Vestmanna,FO,62.1564,-7.1664,36.52,70,75,17.27,broken clouds
213,Alice Springs,AU,-23.7,133.8833,78.35,41,0,9.22,clear sky
214,Constitucion,CL,-35.3333,-72.4167,58.08,89,8,5.95,clear sky
215,Gari,RU,59.4307,62.3497,3.94,92,88,3.51,light snow
216,Kavieng,PG,-2.5744,150.7967,83.28,76,92,7.36,moderate rain
217,Salinas,US,36.6777,-121.6555,69.01,69,1,14.97,clear sky
218,Praia Da Vitoria,PT,38.7333,-27.0667,61.05,88,75,5.01,broken clouds
219,Kosh-Agach,RU,50.0,88.6667,11.98,47,100,0.98,overcast clouds
220,Marzuq,YE,14.4,46.4667,58.96,40,1,1.43,clear sky
221,Oktyabrskoye,RU,43.0645,44.7417,26.74,93,9,6.71,clear sky
222,Tukrah,LY,32.5341,20.5791,61.03,68,51,16.87,broken clouds
223,Puri,IN,19.8,85.85,72.37,90,100,8.84,overcast clouds
224,Fortuna,US,40.5982,-124.1573,56.43,72,90,1.01,overcast clouds
225,Upington,ZA,-28.4478,21.2561,62.98,55,0,6.91,clear sky
226,Sao Joao Da Barra,BR,-21.6403,-41.0511,75.49,86,38,14.38,scattered clouds
227,Bismarck,US,46.8083,-100.7837,26.87,79,90,12.66,light rain
228,Ugoofaaru,MV,5.6667,73.0,82.2,72,25,10.42,scattered clouds
229,Shunyi,CN,40.125,116.6453,34.95,44,0,8.95,clear sky
230,Kenora,CA,49.8167,-94.4337,24.78,80,90,8.05,light snow
231,Markova,UA,48.6758,24.4138,28.98,97,100,2.33,overcast clouds
232,Ode,NG,7.7899,5.7117,75.24,36,41,1.79,scattered clouds
233,Puerto Maldonado,PE,-12.6,-69.1833,73.8,94,90,3.44,moderate rain
234,Touros,BR,-5.1989,-35.4608,81.5,77,80,15.05,broken clouds
235,Ca Mau,VN,9.1769,105.15,70.5,83,64,6.69,broken clouds
236,Richards Bay,ZA,-28.783,32.0377,77.5,72,90,14.23,overcast clouds
237,Curvelo,BR,-18.7564,-44.4308,73.81,71,87,3.96,overcast clouds
238,Grimmen,DE,54.1121,13.0405,38.01,94,100,10.89,overcast clouds
239,Tual,ID,-5.6667,132.75,83.1,77,100,13.58,moderate rain
240,Acarau,BR,-2.8856,-40.12,81.28,81,29,17.83,scattered clouds
241,Daru,PG,-9.0763,143.2092,83.88,69,100,2.75,overcast clouds
242,Rawson,AR,-43.3002,-65.1023,63.27,62,28,13.78,scattered clouds
243,Lavrentiya,RU,65.5833,-171.0,29.25,97,100,19.98,snow
244,Zhezkazgan,KZ,47.8043,67.7144,31.6,94,100,7.11,overcast clouds
245,Macamic,CA,48.7502,-78.9996,10.63,90,100,6.87,overcast clouds
246,Rocha,UY,-34.4833,-54.3333,60.44,97,77,4.29,broken clouds
247,Saint George,US,37.1041,-113.5841,68.47,25,1,1.99,clear sky
248,Grand Gaube,MU,-20.0064,57.6608,78.39,71,18,4.0,few clouds
249,Pacific Grove,US,36.6177,-121.9166,69.31,85,4,3.0,clear sky
250,Fougamou,GA,-1.2154,10.5838,75.02,98,100,2.3,moderate rain
251,Opuwo,NA,-18.0607,13.84,66.65,25,1,1.3,clear sky
252,Xining,CN,36.6167,101.7667,24.03,43,4,1.16,clear sky
253,Carutapera,BR,-1.195,-46.02,79.16,84,24,6.96,few clouds
254,Porangatu,BR,-13.4408,-49.1486,71.82,93,77,1.59,broken clouds
255,Caravelas,BR,-17.7125,-39.2481,74.17,88,0,4.94,clear sky
256,Aksarka,RU,66.5606,67.7975,-15.92,90,62,13.98,broken clouds
257,Faya,SA,18.3851,42.4509,53.71,70,0,1.66,clear sky
258,Shimoda,JP,34.6667,138.95,52.16,82,100,16.6,overcast clouds
259,Alekseyevsk,RU,57.8406,108.3492,19.98,95,100,6.69,light snow
260,Omboue,GA,-1.5746,9.2618,76.28,94,100,7.56,light rain
261,Mount Isa,AU,-20.7333,139.5,80.37,54,98,14.97,overcast clouds
262,Muros,ES,42.7762,-9.0603,53.24,94,49,3.29,scattered clouds
263,Sur,OM,22.5667,59.5289,71.64,74,1,2.3,clear sky
264,Berlevag,NO,70.8578,29.0864,21.61,89,54,27.04,broken clouds
265,Rio Gallegos,AR,-51.6226,-69.2181,60.85,21,0,28.77,clear sky
266,Quelimane,MZ,-17.8786,36.8883,80.55,83,0,14.0,clear sky
267,Saint-Leu,RE,-21.15,55.2833,76.03,78,28,1.79,scattered clouds
268,College,US,64.8569,-147.8028,11.23,77,75,3.44,broken clouds
269,Bengkulu,ID,-3.8004,102.2655,76.14,86,100,5.68,overcast clouds
270,Luanda,AO,-8.8368,13.2343,80.6,83,75,9.22,light rain
271,Shirokiy,RU,49.758,129.523,-1.89,98,72,4.36,broken clouds
272,Severo-Kurilsk,RU,50.6789,156.125,32.18,80,95,17.05,overcast clouds
273,San Cristobal,VE,7.7669,-72.225,75.38,79,66,1.99,broken clouds
274,Kangaatsiaq,GL,68.3065,-53.4641,28.27,92,100,19.28,snow
275,Tuatapere,NZ,-46.1333,167.6833,56.82,49,82,7.47,broken clouds
276,Amahai,ID,-3.3333,128.9167,83.57,74,97,3.06,overcast clouds
277,Ligayan,PH,4.6533,119.4706,82.09,73,81,5.41,broken clouds
278,Vanimo,PG,-2.6741,141.3028,86.41,66,76,2.75,broken clouds
279,Baherden,TM,38.4362,57.4316,48.15,49,67,5.01,broken clouds
280,Socorro,US,31.6546,-106.3033,70.79,20,0,8.41,clear sky
281,Nicoya,CR,10.1483,-85.452,81.95,76,22,9.53,few clouds
282,Santa Fe,AR,-31.6333,-60.7,79.02,58,87,4.0,light rain
283,Norman Wells,CA,65.282,-126.8329,-29.16,68,75,4.61,broken clouds
284,Dovers,VC,12.8833,-61.1833,81.52,73,79,22.75,broken clouds
285,Ambulu,ID,-8.345,113.6058,75.83,95,100,1.61,light rain
286,Nome,US,64.5011,-165.4064,32.07,81,90,28.77,mist
287,Moshenskoye,RU,58.5102,34.5911,-0.56,91,84,6.91,broken clouds
288,Mobaye,CF,4.319,21.1786,72.36,88,99,2.75,overcast clouds
289,Ilulissat,GL,69.2167,-51.1,23.49,69,99,14.74,overcast clouds
290,Rundu,NA,-17.9333,19.7667,66.79,85,89,7.52,overcast clouds
291,Benguela,AO,-12.5763,13.4055,76.37,83,56,4.12,broken clouds
292,Gadu,PH,17.6292,121.6105,71.11,86,82,3.6,broken clouds
293,Ajaccio,FR,42.0,8.9167,44.65,93,0,6.91,clear sky
294,Snyder,US,32.7179,-100.9176,73.74,25,1,10.36,clear sky
295,Dryden,CA,49.7833,-92.7503,21.49,86,90,9.22,light snow
296,Karangasem,ID,-8.45,115.6167,76.14,85,100,8.08,moderate rain
297,San Luis,AR,-33.295,-66.3356,66.58,75,60,13.8,broken clouds
298,Bathsheba,BB,13.2167,-59.5167,81.21,74,40,20.71,scattered clouds
299,Te Anau,NZ,-45.4167,167.7167,50.72,67,80,5.77,broken clouds
300,Kavaratti,IN,10.5669,72.642,80.6,71,79,12.33,broken clouds
301,Bowen,AU,-20.0167,148.2333,84.42,60,28,16.42,scattered clouds
302,Sept-Iles,CA,50.2001,-66.3821,12.72,62,20,4.61,few clouds
303,Rexburg,US,43.826,-111.7897,39.42,35,88,7.47,overcast clouds
304,Zhangye,CN,38.9342,100.4517,29.68,37,3,5.17,clear sky
305,Vaitape,PF,-16.5167,-151.75,81.39,66,57,16.75,broken clouds
306,Olafsvik,IS,64.8945,-23.7142,42.17,87,100,16.75,overcast clouds
307,Saint-Augustin,CA,51.226,-58.6502,21.61,64,99,9.37,overcast clouds
308,Labuhan,ID,-6.8844,112.2051,79.41,78,100,6.8,overcast clouds
309,Dingle,PH,10.9995,122.6711,77.14,82,32,9.95,scattered clouds
310,Tilichiki,RU,60.4667,166.1,0.19,96,83,3.83,broken clouds
311,Malatya,TR,38.5,38.0,26.65,93,0,1.14,clear sky
312,Larsnes,NO,62.2028,5.5773,37.0,79,100,6.78,overcast clouds
313,Chernyshevskiy,RU,63.0128,112.4714,-37.89,100,19,3.04,few clouds
314,Yako,BF,12.9667,-2.2667,74.48,13,2,8.41,clear sky
315,West Wendover,US,40.7391,-114.0733,49.32,32,84,6.02,broken clouds
316,Yuncheng,CN,35.0231,110.9928,38.25,52,2,4.94,clear sky
317,Izumo,JP,35.3667,132.7667,35.55,93,20,9.22,few clouds
318,Zilair,RU,52.2332,57.4392,27.14,97,100,7.2,snow
319,Asosa,ET,10.0667,34.5333,65.01,36,3,4.45,clear sky
320,Gallup,US,35.5281,-108.7426,53.02,30,2,1.01,clear sky
321,Kamaishi,JP,39.2667,141.8833,31.15,69,7,8.05,clear sky
322,Fernandopolis,BR,-20.2839,-50.2464,77.74,63,81,4.27,broken clouds
323,Pozo Colorado,PY,-23.4923,-58.7972,86.95,42,45,4.74,scattered clouds
324,Vestmannaeyjar,IS,63.4427,-20.2734,44.22,69,100,21.85,overcast clouds
325,Luderitz,NA,-26.6481,15.1594,60.51,86,0,9.57,clear sky
326,Oyama,JP,36.3,139.8,48.04,53,100,4.56,overcast clouds
327,Hay River,CA,60.8156,-115.7999,-16.62,76,1,4.61,clear sky
328,Shelburne,CA,44.0787,-80.2041,30.09,96,100,19.55,light snow
329,Muisne,EC,0.6,-80.0333,74.66,85,99,9.17,overcast clouds
330,Arcata,US,40.8665,-124.0828,53.58,79,76,1.99,broken clouds
331,Airai,TL,-8.9266,125.4092,68.88,77,97,1.01,overcast clouds
332,Klaksvik,FO,62.2266,-6.589,38.32,63,73,19.77,broken clouds
333,Schaffhausen,CH,47.6973,8.6349,36.09,96,90,1.01,overcast clouds
334,Nantucket,US,41.2835,-70.0995,43.02,61,1,0.0,clear sky
335,Yaring,TH,6.8662,101.3689,75.29,76,75,4.56,broken clouds
336,Pisco,PE,-13.7,-76.2167,68.05,83,75,16.11,broken clouds
337,Billings,US,45.7833,-108.5007,27.28,62,81,3.0,broken clouds
338,Lorengau,PG,-2.0226,147.2712,86.86,72,76,16.71,light rain
339,Umea,SE,63.8284,20.2597,3.13,85,75,3.44,light snow
340,Alugan,PH,12.2188,125.4808,79.48,79,63,14.32,broken clouds
341,Narrabri,AU,-30.3167,149.7833,77.52,50,73,5.75,broken clouds
342,Kutum,SD,14.2,24.6667,62.33,23,3,6.24,clear sky
343,Kendallville,US,41.4414,-85.265,38.52,100,90,9.22,moderate rain
344,Wum,CM,6.3833,10.0667,68.99,56,100,3.33,overcast clouds
345,Srednekolymsk,RU,67.45,153.6833,-48.41,99,75,4.72,broken clouds
346,Deputatskiy,RU,69.3,139.9,-23.37,97,100,2.66,overcast clouds
347,Hammerfest,NO,70.6634,23.6821,28.85,80,20,24.16,few clouds
348,Bonnyville,CA,54.2668,-110.735,-6.48,91,5,6.89,clear sky
349,Chokurdakh,RU,70.6333,147.9167,-42.47,99,57,5.79,broken clouds
350,Fuxin,CN,42.0156,121.6589,28.76,74,100,7.34,overcast clouds
351,Sabang,ID,5.8933,95.3214,81.21,75,94,15.28,overcast clouds
352,Sitka,US,57.0531,-135.33,32.86,94,100,3.8,light snow
353,Carnarvon,AU,-24.8667,113.6333,77.07,69,0,17.27,clear sky
354,Ishigaki,JP,24.3448,124.1572,73.53,64,75,16.11,broken clouds
355,Lewisville,US,33.0462,-96.9942,75.76,71,40,5.01,scattered clouds
356,Kiama,AU,-34.6833,150.8667,71.26,65,99,1.01,light rain
357,Komsomolskiy,UZ,40.4272,71.7189,36.82,80,93,4.61,mist
358,Esperance,AU,-33.8667,121.9,64.24,65,99,11.59,overcast clouds
359,Antalaha,MG,-14.9003,50.2788,73.47,88,5,5.75,light rain
360,Yamada,JP,39.4667,141.95,44.19,66,6,5.35,clear sky
361,Salalah,OM,17.0151,54.0924,70.81,39,0,8.05,clear sky
362,Santarem,BR,-2.4431,-54.7083,78.93,89,75,2.3,broken clouds
363,Ixtapa,MX,20.7,-105.2,80.22,81,95,3.0,overcast clouds
364,Hofn,IS,64.2539,-15.2082,41.36,97,100,29.44,heavy intensity rain
365,San Patricio,US,28.017,-97.5169,77.54,84,100,13.47,overcast clouds
366,Cedar City,US,37.6775,-113.0619,53.19,23,34,6.46,scattered clouds
367,Yar-Sale,RU,66.8333,70.8333,-14.26,91,51,14.81,broken clouds
368,Obigarm,TJ,38.7173,69.7088,38.39,67,56,6.44,broken clouds
369,Chaman,PK,30.9236,66.4512,40.89,53,0,3.0,clear sky
370,Seoul,KR,37.5683,126.9778,35.04,93,0,1.14,clear sky
371,Limpapa,PH,7.1197,121.9106,74.53,72,38,5.55,scattered clouds
372,Natitingou,BJ,10.3042,1.3796,74.46,21,96,4.63,overcast clouds
373,Hlotse,LS,-28.8718,28.045,56.14,91,100,3.98,overcast clouds
374,Manokwari,ID,-0.8667,134.0833,83.16,73,96,3.0,overcast clouds
375,Ulagan,RU,50.6321,87.9563,5.79,81,99,1.45,overcast clouds
376,Lasa,IT,46.6166,10.7002,29.62,92,99,5.68,overcast clouds
377,Vostok,RU,46.4856,135.8833,26.76,93,62,5.99,broken clouds
378,Korla,CN,41.7597,86.1469,29.5,56,99,1.05,overcast clouds
379,Kvareli,GE,41.9524,45.8151,48.27,51,8,7.05,clear sky
380,Aguas Vermelhas,BR,-15.7472,-41.46,64.98,98,17,3.96,light rain
381,Zhigalovo,RU,54.8097,105.1578,13.5,96,98,3.71,overcast clouds
382,Darhan,MN,49.4867,105.9228,12.43,85,16,7.65,few clouds
383,Termiz,UZ,37.2242,67.2783,39.29,75,0,6.91,clear sky
384,Skelleftea,SE,64.7507,20.9528,-10.84,77,75,4.61,light snow
385,Gombong,ID,-7.6072,109.5142,82.83,85,98,2.15,overcast clouds
386,Gujar Khan,PK,33.2558,73.3026,51.64,70,0,6.02,clear sky
387,Puerto Leguizamo,CO,-0.1934,-74.7819,72.79,97,69,0.74,broken clouds
388,Callaguip,PH,18.0714,120.4867,79.05,73,75,5.75,broken clouds
389,Verkhoyansk,RU,67.5447,133.385,-20.31,99,100,0.72,overcast clouds
390,Champerico,GT,14.3,-91.9167,90.14,68,1,6.44,clear sky
391,Vila Franca Do Campo,PT,37.7167,-25.4333,63.19,84,55,3.53,broken clouds
392,Nalut,LY,30.3333,10.85,45.7,37,0,9.82,clear sky
393,Gloucester,GB,51.8657,-2.2431,39.72,87,74,2.95,broken clouds
394,Tezu,IN,27.9167,96.1667,64.06,60,90,3.33,overcast clouds
395,Volkhov,RU,59.9258,32.3382,-4.79,97,9,4.52,clear sky
396,Laranjeiras Do Sul,BR,-25.4078,-52.4161,66.2,77,55,2.46,light rain
397,Ancud,CL,-41.8697,-73.8203,71.13,75,36,4.38,scattered clouds
398,Marquette,US,46.5333,-87.6335,26.67,92,100,11.41,snow
399,Palmer,US,42.1584,-72.3287,38.03,71,100,3.96,overcast clouds
400,Svetlyy,RU,54.675,20.1347,26.65,92,100,13.8,overcast clouds
401,Ayan,RU,56.45,138.1667,22.28,67,100,6.82,overcast clouds
402,Mao,ES,39.8885,4.2658,45.16,76,20,5.75,few clouds
403,Tucuman,AR,-26.8241,-65.2226,77.0,73,75,5.75,broken clouds
404,Porto Novo,BJ,6.4965,2.6036,84.02,84,96,7.36,overcast clouds
405,Kota Belud,MY,6.351,116.4305,76.86,81,94,1.32,overcast clouds
406,Karatuzskoye,RU,53.6072,92.8667,6.33,96,71,2.48,broken clouds
407,Ede,NL,52.0333,5.6583,39.97,98,90,6.91,mist
408,Chapais,CA,49.7834,-74.8492,1.18,98,95,4.05,overcast clouds
409,Yuzhno-Kurilsk,RU,44.0306,145.8556,42.78,70,6,7.54,clear sky
410,Pemangkat,ID,1.1667,108.9667,80.98,79,100,10.42,overcast clouds
411,Aguimes,ES,27.9054,-15.4461,63.23,63,20,21.85,few clouds
412,Kirkland Lake,CA,48.1446,-80.0377,9.43,85,100,7.07,overcast clouds
413,Araouane,ML,18.9048,-3.5265,61.88,15,65,10.33,broken clouds
414,Quatre Cocos,MU,-20.2078,57.7625,78.1,74,40,10.98,light rain
415,Moussoro,TD,13.6408,16.4901,75.0,17,16,12.39,few clouds
416,Harper,LR,4.375,-7.7169,79.84,82,12,7.52,light rain
417,Kelso,US,46.1468,-122.9084,45.75,95,90,1.01,overcast clouds
418,Antofagasta,CL,-23.65,-70.4,63.68,76,54,2.44,broken clouds
419,Sorong,ID,-0.8833,131.25,81.66,83,91,4.47,overcast clouds
420,Iralaya,HN,15.0,-83.2333,80.69,88,12,8.1,few clouds
421,Comarapa,BO,-17.9,-64.4833,56.77,98,100,2.64,light rain
422,Saint-Pierre,RE,-21.3393,55.4781,76.64,70,0,6.91,clear sky
423,Tubmanburg,LR,6.8708,-10.8172,75.45,94,65,2.39,light rain
424,Penarroya-Pueblonuevo,ES,38.3,-5.2667,42.46,91,12,5.66,few clouds
425,Christchurch,NZ,-43.5333,172.6333,53.02,87,90,10.36,light rain
426,Tanda,IN,26.55,82.65,68.94,63,36,3.24,scattered clouds
427,Den Helder,NL,52.9599,4.7593,40.01,93,90,11.99,mist
428,Santa Marta,CO,11.2408,-74.199,86.05,62,75,6.91,broken clouds
429,Eyl,SO,7.9803,49.8164,74.03,69,37,12.82,scattered clouds
430,Turukhansk,RU,65.8167,87.9833,-36.49,99,18,4.63,few clouds
431,Sembe,CG,1.6481,14.5806,73.71,80,85,1.97,overcast clouds
432,Necochea,AR,-38.5473,-58.7368,61.03,84,0,8.72,clear sky
433,Shingu,JP,33.7333,135.9833,52.79,84,95,3.04,overcast clouds
434,Biak,ID,-0.9131,122.8766,78.8,83,100,1.72,overcast clouds
435,Alofi,NU,-19.0595,-169.9187,80.49,78,84,16.11,broken clouds
436,Worland,US,44.0169,-107.9554,27.59,68,72,5.99,broken clouds
437,Bayan,CN,46.0833,127.4,16.18,93,98,5.77,overcast clouds
438,Bandarbeyla,SO,9.4942,50.8122,75.87,67,5,14.29,clear sky
439,Merauke,ID,-8.4667,140.3333,83.44,75,100,3.96,moderate rain
440,Mantua,IT,45.1667,10.7833,44.35,90,27,1.01,scattered clouds
441,Impfondo,CG,1.6381,18.0667,72.05,92,100,2.26,overcast clouds
442,Namibe,AO,-15.1961,12.1522,71.82,64,5,4.74,clear sky
443,Mozarlandia,BR,-14.7447,-50.5706,74.03,89,59,4.79,broken clouds
444,Kovur,IN,14.4833,79.9833,73.74,77,15,2.82,few clouds
445,Atbasar,KZ,51.8,68.3333,7.03,93,80,4.56,broken clouds
446,Xingcheng,CN,40.6167,120.7167,39.69,44,100,20.2,overcast clouds
447,Oudtshoorn,ZA,-33.5907,22.2014,63.99,84,81,4.83,moderate rain
448,Dongsheng,CN,39.8161,109.9776,21.88,49,0,7.18,clear sky
449,Mutis,CO,6.2262,-77.4044,77.47,92,100,7.67,light rain
450,San Matias,BO,-16.3667,-58.4,74.01,97,100,11.23,heavy intensity rain
451,Rehoboth,NA,-23.3167,17.0833,59.76,25,0,2.13,clear sky
452,Nybro,SE,56.7446,15.9071,30.04,91,45,4.81,light snow
453,Roswell,US,34.0232,-84.3616,60.57,87,80,1.01,broken clouds
454,Solnechnyy,RU,50.7214,136.6319,14.7,89,87,4.03,overcast clouds
455,Avila,ES,40.5833,-5.0,38.64,95,81,10.42,broken clouds
456,Newport,GB,51.5877,-2.9984,39.85,87,60,1.97,broken clouds
457,Ambon,ID,-3.6954,128.1814,84.34,74,40,13.8,scattered clouds
458,Danilov,RU,58.1908,40.1717,1.96,90,28,5.37,scattered clouds
459,Adeje,ES,28.1227,-16.726,68.56,61,20,29.93,few clouds
460,Terrace Bay,CA,48.7834,-87.1,23.95,93,100,20.36,snow
461,Kenai,US,60.5544,-151.2583,20.14,89,100,7.4,light snow
462,Arman,RU,59.7,150.1667,-12.84,90,22,5.39,few clouds
463,Bara,NG,10.3744,10.7288,72.45,26,52,7.23,broken clouds
464,Bethanien,NA,-26.502,17.1583,56.91,61,0,5.41,clear sky
465,Oshnaviyeh,IR,37.0397,45.0983,38.03,83,97,6.17,overcast clouds
466,Urusha,RU,54.05,122.9,10.81,78,77,7.0,broken clouds
467,Sulangan,PH,11.1373,123.7228,80.92,74,34,18.95,scattered clouds
468,Avera,US,33.194,-82.5271,64.06,72,99,5.99,overcast clouds
469,Manggar,ID,-2.8833,108.2667,77.72,90,99,9.91,heavy intensity rain
470,Rodrigues Alves,BR,-7.738,-72.6509,72.09,100,100,1.5,overcast clouds
471,Kisaran,ID,2.9845,99.6158,73.6,91,100,3.29,overcast clouds
472,Bilibino,RU,68.0546,166.4372,-18.18,99,100,2.66,overcast clouds
473,Ulladulla,AU,-35.35,150.4667,70.88,58,100,5.48,overcast clouds
474,Padang,ID,-0.9492,100.3543,73.45,84,98,3.47,overcast clouds
475,Inongo,CD,-1.95,18.2667,71.06,93,97,3.24,overcast clouds
476,Lantawan,PH,10.6167,123.9833,77.9,77,37,10.33,scattered clouds
477,Baykit,RU,61.67,96.37,-10.95,96,100,3.24,overcast clouds
478,Rafai,CF,4.95,23.9167,71.01,76,100,2.66,overcast clouds
479,Iranshahr,IR,27.2025,60.6848,58.91,37,9,3.8,clear sky
480,Pilar,BR,-9.5972,-35.9567,73.58,93,66,4.99,broken clouds
481,Iwanai,JP,42.9744,140.5089,36.97,80,61,5.59,broken clouds
482,Karratha,AU,-20.7377,116.8463,91.81,24,25,17.58,scattered clouds
483,Henties Bay,NA,-22.116,14.2845,58.86,92,0,8.86,clear sky
484,Wanganui,NZ,-39.9333,175.05,67.59,87,96,3.0,light rain
485,Cozumel,MX,20.5083,-86.9458,78.12,87,24,7.0,few clouds
486,Mogapi,BW,-22.323,27.8349,68.0,86,100,8.99,overcast clouds
487,Walvis Bay,NA,-22.9575,14.5053,59.09,87,0,9.89,clear sky
488,Arieseni,RO,46.4833,22.7667,34.59,98,100,2.39,light rain
489,Pangnirtung,CA,66.1451,-65.7125,4.91,98,100,6.87,light snow
490,Teknaf,BD,20.8624,92.3058,75.09,85,80,6.26,broken clouds
491,Mandalgovi,MN,45.7625,106.2708,17.8,46,0,9.78,clear sky
492,Port Hardy,CA,50.6996,-127.4199,37.76,71,100,7.36,overcast clouds
493,Heihe,CN,50.2441,127.4902,0.39,95,64,3.62,broken clouds
494,Half Moon Bay,US,37.4636,-122.4286,65.25,77,1,10.36,clear sky
495,Mangrol,IN,21.1167,70.1167,71.89,61,0,11.45,clear sky
496,Kalmunai,LK,7.4167,81.8167,76.91,85,2,1.99,clear sky
497,Veraval,IN,20.9,70.3667,72.1,61,0,11.45,clear sky
498,Sanmenxia,CN,34.7747,111.1814,39.25,52,3,4.65,clear sky
499,Nabire,ID,-3.3667,135.4833,85.5,63,82,5.53,broken clouds
500,Westport,US,41.1415,-73.3579,46.38,63,93,11.01,overcast clouds
501,Nioro,GM,13.35,-15.75,78.91,19,78,5.59,broken clouds
502,La Paz,BO,-16.5,-68.15,48.13,79,100,7.81,overcast clouds
503,Hami,CN,42.8,93.45,28.67,53,100,3.96,overcast clouds
504,Ostrovnoy,RU,68.0531,39.5131,9.79,74,85,22.77,overcast clouds
505,Haicheng,CN,40.8516,122.7475,33.58,64,100,10.36,overcast clouds
506,Lagunas,PE,-5.2269,-75.6753,75.52,88,98,2.1,overcast clouds
507,Znamenskoye,RU,57.1281,73.8282,28.96,96,100,6.8,overcast clouds
508,Pasighat,IN,28.0667,95.3333,63.7,61,85,2.71,overcast clouds
509,Kudahuvadhoo,MV,2.6708,72.8944,81.5,78,82,14.54,broken clouds
510,Moranbah,AU,-22.0016,148.0466,84.69,48,22,12.66,few clouds
511,Sibolga,ID,1.7427,98.7792,75.83,84,76,3.11,broken clouds
512,Lata,PT,40.1629,-8.3327,52.81,94,47,1.66,scattered clouds
513,Lubumbashi,CD,-11.6609,27.4794,65.43,73,28,2.95,scattered clouds
514,Coihaique,CL,-45.5752,-72.0662,59.13,75,24,6.06,few clouds
515,Roebourne,AU,-20.7833,117.1333,94.51,20,33,18.14,scattered clouds
516,Mokokchung,IN,26.3333,94.5333,53.76,87,98,2.86,overcast clouds
517,Umuahia,NG,5.5263,7.4896,76.05,88,100,4.07,light rain
518,Lichinga,MZ,-13.3128,35.2406,64.33,78,91,11.97,overcast clouds
519,Huarmey,PE,-10.0681,-78.1522,66.9,86,100,9.62,overcast clouds
520,Zhuhai,CN,22.2769,113.5678,64.98,63,0,13.8,clear sky
521,Marienburg,PL,54.0359,19.0266,35.11,87,100,10.65,overcast clouds
522,Ekibastuz,KZ,51.6667,75.3667,28.17,85,100,8.93,overcast clouds
523,Stephenville,US,32.2207,-98.2023,74.19,69,75,11.5,broken clouds
524,Sujiatun,CN,41.6592,123.3392,30.38,86,99,2.24,overcast clouds
525,Severo-Yeniseyskiy,RU,60.3725,93.0408,8.42,96,100,2.71,light snow
526,Riberalta,BO,-10.9833,-66.1,74.19,97,99,2.17,moderate rain
527,Kunyang,CN,27.6658,120.5658,52.36,78,1,4.25,clear sky
528,Tres Marias,MX,19.0522,-99.2431,63.46,35,31,1.48,scattered clouds
529,Arlit,NE,18.7369,7.3853,68.05,18,6,5.93,clear sky
530,Hamilton,US,39.1834,-84.5333,60.42,89,90,1.01,overcast clouds
531,Makat,KZ,47.6469,53.3463,35.69,66,100,8.25,overcast clouds
532,Ostersund,SE,63.1792,14.6357,10.85,72,90,10.36,overcast clouds
533,Muroto,JP,33.2833,134.15,55.13,62,94,6.06,overcast clouds
534,Sakaiminato,JP,35.55,133.2333,35.58,100,20,3.44,few clouds
535,Ocos,GT,14.5094,-92.1933,83.73,69,0,5.77,clear sky
536,Petauke,ZM,-14.2426,31.3253,71.29,42,19,4.14,few clouds
537,Tautira,PF,-17.7333,-149.15,86.02,72,86,18.23,overcast clouds
538,Asau,RO,46.4333,26.4,33.96,82,95,2.75,overcast clouds
539,Santa Cruz,BO,-17.8,-63.1667,70.34,95,100,8.03,light rain
540,Krasnoselkup,RU,65.7,82.4667,-35.36,100,26,3.4,scattered clouds
541,Nikel,RU,69.4128,30.222,5.18,79,21,24.02,few clouds
542,Manjacaze,MZ,-24.7117,33.8828,76.71,65,50,8.93,scattered clouds
543,Ranong,TH,9.9658,98.6348,72.3,82,99,7.02,overcast clouds
544,Estevan,CA,49.1334,-102.9842,3.4,72,40,25.32,scattered clouds
545,Shaoyang,CN,27.2315,111.4525,49.59,53,0,1.41,clear sky
546,Salacgriva,LV,57.7536,24.3581,10.11,92,84,9.91,broken clouds
547,Gravdal,NO,68.1214,13.5031,23.5,69,12,8.95,few clouds
548,Palana,RU,59.1167,159.9667,19.92,86,100,29.8,light snow
549,Prince Rupert,CA,54.3161,-130.3201,31.59,74,100,2.68,overcast clouds
550,Akkermanovka,RU,51.2467,58.2391,26.37,89,100,3.47,overcast clouds
551,Tarakan,ID,3.3,117.6333,76.5,94,75,3.44,light rain
552,San Lawrenz,MT,36.0553,14.204,55.85,79,50,20.18,scattered clouds
553,Adrar,MR,20.5022,-10.0711,61.39,13,100,10.42,overcast clouds
554,Guatire,VE,10.4762,-66.5427,77.5,97,52,2.33,broken clouds
555,Podor,MR,16.6527,-14.9587,81.41,13,100,9.51,overcast clouds
556,Thinadhoo,MV,0.5333,72.9333,81.95,77,89,16.04,overcast clouds
557,Manono,CD,-7.3,27.4167,68.85,96,100,1.45,overcast clouds
558,Shancheng,CN,34.7953,116.0817,41.61,54,5,5.59,clear sky
559,Beringovskiy,RU,63.05,179.3167,7.23,81,100,34.34,overcast clouds
560,Moron,AR,-34.6534,-58.6198,69.98,78,14,5.99,few clouds
561,Songjianghe,CN,42.1859,127.479,32.07,88,82,6.04,broken clouds
562,Chikwawa,MW,-16.0335,34.8009,79.5,52,58,0.94,broken clouds
563,Nuuk,GL,64.1835,-51.7216,25.88,80,75,21.85,light shower snow
564,South Sioux City,US,42.4739,-96.4136,41.74,47,90,24.0,overcast clouds
565,Aktash,RU,50.3,87.7333,7.75,66,100,4.0,overcast clouds
566,Piranhas,BR,-16.4269,-51.8222,74.8,86,47,2.28,scattered clouds
567,Kingaroy,AU,-26.5333,151.8333,69.76,73,87,8.97,overcast clouds
568,Kargasok,RU,59.0556,80.8572,30.78,96,100,10.09,light snow
569,Touho,NC,-20.7833,165.2333,80.76,71,23,7.43,few clouds
570,Xilagani,GR,40.9833,25.4167,58.39,86,36,6.55,scattered clouds
571,Skibbereen,IE,51.55,-9.2667,44.4,97,100,15.77,overcast clouds
572,Sambava,MG,-14.2667,50.1667,74.77,88,7,9.8,light rain
573,Lokoja,NG,7.8024,6.743,80.13,35,71,1.7,broken clouds
574,Yumen,CN,40.2833,97.2,23.36,53,43,6.6,scattered clouds
575,Bar Harbor,US,44.3876,-68.2039,31.91,64,1,3.44,clear sky
576,Meulaboh,ID,4.1363,96.1285,76.3,85,93,3.13,overcast clouds
577,Vanavara,RU,60.34,102.2797,-4.09,99,100,2.75,overcast clouds
578,Sinop,TR,41.7711,34.8709,47.64,78,24,11.39,few clouds
579,Viru,PE,-8.4167,-78.75,63.7,74,100,4.23,overcast clouds
580,Denpasar,ID,-8.65,115.2167,76.71,88,75,14.16,moderate rain
581,Carballo,ES,43.213,-8.691,51.49,93,86,3.27,overcast clouds
582,Portel,BR,-1.9356,-50.8211,75.94,89,94,3.49,light rain
583,Bhatkal,IN,13.9667,74.5667,74.52,80,16,4.05,few clouds
584,Ust-Kulom,RU,61.6864,53.6902,-20.43,99,29,4.16,scattered clouds
585,Lagoa,PT,39.05,-27.9833,63.18,75,91,11.86,overcast clouds
586,Concarneau,FR,47.875,-3.9225,45.37,73,82,10.78,broken clouds
587,Fort Nelson,CA,58.8053,-122.7002,-15.27,98,5,0.56,clear sky
588,Lewistown,US,40.5992,-77.5714,47.61,34,90,4.61,overcast clouds
589,Isla Vista,US,34.4133,-119.861,78.3,61,1,4.61,clear sky
590,Ascoli Piceno,IT,42.8548,13.5749,43.25,88,96,2.8,overcast clouds
591,Mnogovershinnyy,RU,53.9353,139.9242,5.13,91,94,3.6,overcast clouds
592,Altay,CN,47.8667,88.1167,27.21,55,98,8.03,overcast clouds
593,Newcastle,AU,-32.9272,151.7765,73.98,61,100,3.0,overcast clouds
594,Fare,PF,-16.7,-151.0167,81.0,70,53,14.63,broken clouds
595,Ivnya,RU,51.0629,36.1343,24.71,69,100,6.2,overcast clouds
596,Qinhuangdao,CN,39.9317,119.5883,41.13,42,100,10.38,overcast clouds
597,Kodinsk,RU,58.6881,99.1844,22.64,97,100,2.04,light snow
598,Wilmington,US,34.2257,-77.9447,62.51,88,90,3.44,overcast clouds
599,Borger,NL,52.9233,6.7931,37.04,93,99,5.97,overcast clouds
600,Gazanjyk,TM,39.2446,55.5154,47.71,58,99,6.89,overcast clouds
601,Wheeling,US,42.1392,-87.929,40.01,92,90,0.0,mist
602,Hearst,CA,49.6835,-83.6665,16.03,92,100,6.8,overcast clouds
603,Makakilo City,US,21.3469,-158.0858,73.62,79,78,11.5,light rain
604,Sopotu Nou,RO,44.8419,21.8628,42.62,94,100,6.89,light rain
605,Odweyne,SO,9.4092,45.064,61.38,54,5,2.42,clear sky
606,Nhulunbuy,AU,-12.2333,136.7667,86.61,62,40,8.05,scattered clouds
607,Talcahuano,CL,-36.7167,-73.1167,58.68,88,0,10.36,clear sky
608,Zeya,RU,53.75,127.2667,6.53,96,99,1.74,overcast clouds
609,Dunedin,NZ,-45.8742,170.5036,54.81,66,97,3.0,overcast clouds
610,Khash,IR,28.2211,61.2158,45.16,41,8,1.39,clear sky
611,Elko,US,41.0002,-115.5012,49.23,39,62,11.01,broken clouds
612,Chenove,FR,47.2932,5.0046,38.01,93,90,2.3,overcast clouds
613,Miri,MY,4.4148,114.0089,77.14,91,100,9.84,overcast clouds
614,Kununurra,AU,-15.7667,128.7333,78.78,83,75,8.05,broken clouds
615,Ahuimanu,US,21.4447,-157.8378,76.71,75,75,4.61,light rain
616,Dordrecht,NL,51.81,4.6736,40.06,93,100,1.01,overcast clouds
617,Chemax,MX,20.65,-87.9333,72.41,89,4,3.96,clear sky
618,Tabou,CI,4.423,-7.3528,79.86,83,37,5.99,light rain
619,Ormond Beach,US,29.2858,-81.0559,71.74,72,40,0.0,scattered clouds
620,Graaff-Reinet,ZA,-32.2522,24.5308,58.93,88,56,1.03,broken clouds
621,San Quintin,MX,30.4833,-115.95,62.26,77,0,13.27,clear sky
622,King City,US,36.2127,-121.126,72.77,30,1,7.7,clear sky
623,La Ronge,CA,55.1001,-105.2842,-10.46,91,77,8.72,broken clouds
624,Xuddur,SO,4.1213,43.8894,69.4,81,22,9.75,few clouds
625,Okha,RU,53.5739,142.9478,11.32,92,84,6.2,broken clouds
626,Marabba,SD,12.35,32.1833,78.89,25,5,11.48,clear sky
627,Batouri,CM,4.4333,14.3667,72.01,58,100,2.44,overcast clouds
628,Humaita,BR,-7.5061,-63.0208,75.34,98,100,1.88,moderate rain
629,Kupang,ID,-10.1667,123.5833,81.18,94,40,2.3,scattered clouds
630,Sumbe,AO,-11.2061,13.8437,77.31,89,64,4.07,broken clouds
631,Camopi,GF,3.1655,-52.3158,72.66,99,100,1.32,overcast clouds
632,Abnub,EG,27.2696,31.1511,57.78,62,76,5.48,broken clouds
633,Moose Factory,CA,51.2585,-80.6094,5.99,97,78,3.04,broken clouds
634,Celestun,MX,20.8667,-90.4,75.69,70,0,10.98,clear sky
635,Udachnyy,RU,66.4167,112.4,-32.24,99,99,5.91,overcast clouds
636,Camana,PE,-16.6228,-72.7111,68.61,82,100,5.79,overcast clouds
637,Rudbar,AF,30.15,62.6,50.68,50,2,7.23,clear sky
638,High Level,CA,58.5169,-117.136,-18.18,100,6,0.87,clear sky
639,Roald,NO,62.5833,6.1333,37.33,69,90,14.97,overcast clouds
640,Fuerte Olimpo,PY,-21.0415,-57.8738,80.15,58,54,3.47,broken clouds
641,Lazaro Cardenas,MX,17.9583,-102.2,79.29,80,77,4.56,broken clouds
642,Husavik,IS,66.0449,-17.3389,39.51,77,100,26.66,moderate rain
643,Narsingdi,BD,23.9208,90.7181,68.02,96,100,9.37,overcast clouds
644,Teahupoo,PF,-17.8333,-149.2667,82.36,72,96,18.86,overcast clouds
645,Paita,PE,-5.0892,-81.1144,67.1,82,97,15.82,overcast clouds
646,Springdale,US,36.1867,-94.1288,67.19,89,90,15.99,overcast clouds
647,Yulara,AU,-25.2406,130.9889,82.51,25,0,16.49,clear sky
648,Boa Vista,BR,2.8197,-60.6733,84.18,65,75,12.66,broken clouds
649,Ampanihy,MG,-24.7,44.75,70.9,82,0,4.5,clear sky
650,Tete,MZ,-16.1564,33.5867,80.1,46,22,4.38,few clouds
651,Ananas,HT,19.2466,-71.9557,71.6,82,55,4.21,broken clouds
652,Fengzhen,CN,40.4394,113.1536,18.3,71,0,3.58,clear sky
653,Sooke,CA,48.3746,-123.7276,40.57,87,100,5.5,overcast clouds
654,Sandakan,MY,5.8402,118.1179,77.65,88,83,2.73,broken clouds
655,Kure,JP,34.2333,132.5667,48.47,72,56,5.35,broken clouds
656,Fez,MA,34.0372,-4.9998,52.05,87,75,4.61,broken clouds
657,Kerema,PG,-7.9631,145.7785,82.02,73,89,5.79,overcast clouds
658,Buraydah,SA,26.326,43.975,61.27,25,11,10.56,few clouds
659,Marsh Harbour,BS,26.5412,-77.0636,77.14,75,3,14.5,clear sky
660,Takoradi,GH,4.8845,-1.7554,80.19,83,39,7.94,scattered clouds
661,Catamarca,AR,-28.4696,-65.7852,77.77,55,97,3.0,overcast clouds
662,Anton Lizardo,MX,19.05,-95.9833,78.22,82,1,9.69,clear sky
663,Sinnamary,GF,5.3833,-52.95,77.16,88,100,5.99,overcast clouds
664,The Valley,AI,18.217,-63.0578,81.1,68,69,21.81,broken clouds
665,Badou,TG,7.5833,0.6,75.27,33,57,1.81,broken clouds
666,Yatou,CN,37.15,122.3833,47.97,80,47,6.51,scattered clouds
667,Hualmay,PE,-11.0964,-77.6139,66.83,84,100,10.2,overcast clouds
668,Vigrestad,NO,58.5667,5.7,28.99,64,60,23.51,broken clouds
669,Jerome,US,42.7241,-114.5186,44.15,59,1,21.85,clear sky
670,Sesheke,ZM,-17.4759,24.2968,67.98,80,98,3.78,overcast clouds
671,Vavuniya,LK,8.7514,80.4971,71.87,97,0,2.75,clear sky
672,Sainte-Anne-Des-Monts,CA,49.124,-66.4924,19.45,75,100,17.38,overcast clouds
673,Simao,CN,22.7886,100.9748,53.28,79,64,2.19,broken clouds
674,Hambantota,LK,6.1241,81.1185,77.09,87,35,6.08,scattered clouds
675,Green River,US,41.5286,-109.4662,44.15,33,59,8.99,broken clouds
676,Kamenka,RU,51.3223,42.7678,27.09,66,97,6.22,overcast clouds
677,Mapimi,MX,25.8167,-103.85,74.17,24,100,2.37,overcast clouds
678,Havre-Saint-Pierre,CA,50.2334,-63.5986,24.1,55,75,15.21,broken clouds
679,Ust-Uda,RU,54.1742,103.0304,7.39,99,98,3.36,overcast clouds
680,Marseille,FR,43.3333,5.5,44.11,75,5,4.0,clear sky
681,Parbatipur,BD,25.6649,88.9247,67.32,79,88,3.27,overcast clouds
682,Agadez,NE,19.75,10.25,61.2,22,36,6.46,scattered clouds
683,Otradnoye,RU,59.7775,30.8181,-1.44,97,8,4.52,clear sky
684,Kyrksaeterora,NO,63.2906,9.0891,29.05,86,64,7.02,broken clouds
685,Bridlington,GB,54.0831,-0.1919,39.15,67,96,4.29,overcast clouds
686,Goderich,CA,43.7501,-81.7165,33.03,89,100,30.09,snow
687,Santa Quiteria,BR,-4.3319,-40.1567,84.69,50,42,7.72,scattered clouds
688,Marawi,PH,7.9986,124.2928,67.64,89,99,3.29,overcast clouds
